{
  "figure6": {
    "delta_trts": {
      "eicu_los24": {
        "enhanced_timeautodiff": {
          "mean": 0.0029366352853505,
          "std": 0.0015149398843998
        },
        "healthgen": {
          "mean": 0.1344083082366031,
          "std": 0.0026129147568469
        },
        "timeautodiff": {
          "mean": 0.0262040576126873,
          "std": 0.0016753136101233
        },
        "timediff": {
          "mean": 0.0058392214266035,
          "std": 0.0025819410691308
        }
      },
      "eicu_mortality24": {
        "enhanced_timeautodiff": {
          "mean": 0.0137284554287741,
          "std": 0.0067029688875236
        },
        "healthgen": {
          "mean": 0.1908278891069142,
          "std": 0.0037126038047997
        },
        "timeautodiff": {
          "mean": 0.0388074322797679,
          "std": 0.004862376660772
        },
        "timediff": {
          "mean": 0.0187007001150327,
          "std": 0.0034070162098226
        }
      },
      "mimic_los24": {
        "enhanced_timeautodiff": {
          "mean": 0.0021081896713759,
          "std": 0.0008988284415726
        },
        "healthgen": {
          "mean": 0.0467631646120935,
          "std": 0.0035671690451742
        },
        "timeautodiff": {
          "mean": 0.006516950288015,
          "std": 0.0034156634159475
        },
        "timediff": {
          "mean": 0.0026103443788068,
          "std": 0.0013495991162663
        }
      },
      "mimic_mortality24": {
        "enhanced_timeautodiff": {
          "mean": 0.0062145908221847,
          "std": 0.0036343807819187
        },
        "healthgen": {
          "mean": 0.1310723304465935,
          "std": 0.0059393601113257
        },
        "timeautodiff": {
          "mean": 0.0172805675181998,
          "std": 0.0035878191807721
        },
        "timediff": {
          "mean": 0.0225952910209824,
          "std": 0.0050530118278087
        }
      }
    },
    "delta_tstr": {
      "eicu_los24": {
        "enhanced_timeautodiff": {
          "mean": 0.0082314049937799,
          "std": 0.0014273733467685
        },
        "healthgen": {
          "mean": 0.0907548595629168,
          "std": 0.0077966998837982
        },
        "timeautodiff": {
          "mean": 0.0097850242289127,
          "std": 0.00174856878706
        },
        "timediff": {
          "mean": 0.0051044190315104,
          "std": 0.0017125664756289
        }
      },
      "eicu_mortality24": {
        "enhanced_timeautodiff": {
          "mean": 0.0095974637514012,
          "std": 0.0021319282521535
        },
        "healthgen": {
          "mean": 0.0907728341011677,
          "std": 0.0115044001713749
        },
        "timeautodiff": {
          "mean": 0.0113878047597747,
          "std": 0.0029357081923705
        },
        "timediff": {
          "mean": 0.0033340718776521,
          "std": 0.0017098587511983
        }
      },
      "mimic_los24": {
        "enhanced_timeautodiff": {
          "mean": 0.004878093295639,
          "std": 0.0026861275641438
        },
        "healthgen": {
          "mean": 0.0613375563696145,
          "std": 0.0043172056994531
        },
        "timeautodiff": {
          "mean": 0.0057664526193452,
          "std": 0.0031790028813547
        },
        "timediff": {
          "mean": 0.00515285464806,
          "std": 0.0034328933663302
        }
      },
      "mimic_mortality24": {
        "enhanced_timeautodiff": {
          "mean": 0.0102740422129769,
          "std": 0.0054793209550201
        },
        "healthgen": {
          "mean": 0.0737839187367471,
          "std": 0.0066697833401549
        },
        "timeautodiff": {
          "mean": 0.0066493161664472,
          "std": 0.0049069234882614
        },
        "timediff": {
          "mean": 0.0086433606621611,
          "std": 0.0060704227283989
        }
      }
    }
  },
  "figure6_health_gen_ranges": {
    "delta_trts": [
      0.13,
      0.19
    ],
    "delta_tstr": [
      0.06,
      0.1
    ]
  },
  "figure7": {
    "eicu_los24": {
      "enhanced_timeautodiff": 0.028,
      "test": 0.044,
      "timeautodiff": 0.039,
      "timediff": 0.033
    },
    "eicu_mortality24": {
      "enhanced_timeautodiff": 0.05,
      "test": 0.075,
      "timeautodiff": 0.061,
      "timediff": 0.056
    },
    "mimic_los24": {
      "enhanced_timeautodiff": 0.042,
      "test": 0.067,
      "timeautodiff": 0.043,
      "timediff": 0.049
    },
    "mimic_mortality24": {
      "enhanced_timeautodiff": 0.081,
      "test": 0.142,
      "timeautodiff": 0.081,
      "timediff": 0.088
    }
  },
  "figure7_cis": {
    "eicu_los24": {
      "enhanced_timeautodiff": [
        0.0295,
        0.0401
      ],
      "test": [
        0.0224,
        0.026
      ],
      "timeautodiff": [
        0.0437,
        0.0499
      ],
      "timediff": [
        0.0386,
        0.052
      ]
    },
    "eicu_mortality24": {
      "enhanced_timeautodiff": [
        0.0582,
        0.0696
      ],
      "test": [
        0.036,
        0.0374
      ],
      "timeautodiff": [
        0.0712,
        0.1
      ],
      "timediff": [
        0.0582,
        0.091
      ]
    },
    "mimic_los24": {
      "enhanced_timeautodiff": [
        0.0441,
        0.0609
      ],
      "test": [
        0.0404,
        0.0452
      ],
      "timeautodiff": [
        0.0454,
        0.0508
      ],
      "timediff": [
        0.0568,
        0.0674
      ]
    },
    "mimic_mortality24": {
      "enhanced_timeautodiff": [
        0.0818,
        0.1134
      ],
      "test": [
        0.0519,
        0.0583
      ],
      "timeautodiff": [
        0.078,
        0.1278
      ],
      "timediff": [
        0.0937,
        0.1267
      ]
    }
  },
  "figure7_points": {
    "eicu_los24": {
      "enhanced_timeautodiff": 0.0348,
      "test": 0.0242,
      "timeautodiff": 0.0468,
      "timediff": 0.0453
    },
    "eicu_mortality24": {
      "enhanced_timeautodiff": 0.0639,
      "test": 0.0367,
      "timeautodiff": 0.0856,
      "timediff": 0.0746
    },
    "mimic_los24": {
      "enhanced_timeautodiff": 0.0525,
      "test": 0.0428,
      "timeautodiff": 0.0481,
      "timediff": 0.0621
    },
    "mimic_mortality24": {
      "enhanced_timeautodiff": 0.0976,
      "test": 0.0551,
      "timeautodiff": 0.1029,
      "timediff": 0.1102
    }
  },
  "figure7_stds": {
    "eicu_los24": {
      "enhanced_timeautodiff": 0.0053,
      "test": 0.0018,
      "timeautodiff": 0.0031,
      "timediff": 0.0067
    },
    "eicu_mortality24": {
      "enhanced_timeautodiff": 0.0057,
      "test": 0.0007,
      "timeautodiff": 0.0144,
      "timediff": 0.0164
    },
    "mimic_los24": {
      "enhanced_timeautodiff": 0.0084,
      "test": 0.0024,
      "timeautodiff": 0.0027,
      "timediff": 0.0053
    },
    "mimic_mortality24": {
      "enhanced_timeautodiff": 0.0158,
      "test": 0.0032,
      "timeautodiff": 0.0249,
      "timediff": 0.0165
    }
  },
  "meta": {
    "extractor": "scripts/extract_paper_numbers.py",
    "source_pdf": "scripts/tests/fixtures/camera-ready.pdf"
  },
  "table1": {
    "eicu_los24_timeautodiff": {
      "delta_trts": 0.026,
      "delta_trts_err": 0.002,
      "delta_tstr": 0.01,
      "delta_tstr_err": 0.002
    },
    "eicu_mortality24_timeautodiff": {
      "delta_trts": 0.039,
      "delta_trts_err": 0.005,
      "delta_tstr": 0.011,
      "delta_tstr_err": 0.003
    },
    "eicu_mortality24_timediff": {
      "delta_trts": 0.019,
      "delta_trts_err": 0.003,
      "delta_tstr": 0.003,
      "delta_tstr_err": 0.002
    }
  },
  "table2": {
    "eicu_los24": {
      "ta": 44,
      "ta_plus": 72,
      "td": 52
    },
    "eicu_mortality24": {
      "ta": 48,
      "ta_plus": 76,
      "td": 60
    },
    "mimic_los24": {
      "ta": 72,
      "ta_plus": 76,
      "td": 56
    },
    "mimic_mortality24": {
      "ta": 68,
      "ta_plus": 84,
      "td": 68
    }
  }
}
